﻿Designator,Footprint,Quantity,Value,LCSC Part #
"A_2, B_2, C_IN",LED_D3.0mm,3,LED,
"A, B, C_in",SWITCH_S20203,3,SW_SPDT,
Carry,LED_D3.0mm,1,Cout,
"Q1, Q2, Q3, Q4, Q5, Q6, Q7, Q8, Q9",TO-92_Inline_CBE,9,BC547,
"R1, R2, R29, R3, R30",R_Axial_DIN0207_L6.3mm_D2.5mm_P10.16mm_Horizontal,5,330,
"R10, R13, R14, R16, R17, R19, R20, R21, R22, R25, R26, R27, R28, R4, R5, R7, R8, R9",R_Axial_DIN0207_L6.3mm_D2.5mm_P10.16mm_Horizontal,18,10k,
"R11, R12, R15, R18, R23, R24, R6",R_Axial_DIN0207_L6.3mm_D2.5mm_P10.16mm_Horizontal,7,1k,
Sum,LED_D3.0mm,1,S,
